Campaign Name	Message Name	Email Subject Line	Language	Hero Image (URL)	Banner Headline	Study Information	CTA 1	Eligibility	What to Expect	CTA 2	Closing	Optional Resource	End Matter (Enter Sponsor)	URL/UTM
English 1B	Email 1: Long-form email	Your Experience with Vitiligo Matters—Join the WeConnect Registry	en-us	Option 1	Vitiligo: Empower Yourself with Knowledge and Care Options	"**Dear [Patient First Name]**

Living with vitiligo can be a deeply personal journey — one that affects more than just the skin. We understand the challenges that come with visible changes in pigmentation and the ongoing search for options that truly make a difference. That’s why staying informed can be a major step in managing your health. 
We invite you to join WeConnect, an online registry that shares important health-related information, provides peer support, and updates of clinical trials that may match your health needs. You will also be able to learn more about an active vitiligo clinical trial currently enrolling people just like you.  
Learn more [INSERT CTA 1 BUTTON] 

If you have vitiligo and are 18 years of age or older, you may be matched to an active clinical trial.
Your participation is voluntary and confidential, and there is no obligation to enroll in a clinical trial. The registry simply helps connect you to trials that may be relevant to your condition.

Learn more [INSERT CTA 2 BUTTON] 
Thank you for considering WeConnect!"	Learn more [INSERT CTA 1 BUTTON]	If you struggle with vitiligo and are 18 years of age or older, you may be matched to an active clinical trial.	What to expect if you qualify: N/A (Educational Content Only)	Learn more [INSERT CTA 2 BUTTON]	"Sincerely,
Walgreens Clinical Trials"		Takeda	test.com
English 1B	Email 2: Short-form email	Patient Registry for Those Living with Vitiligo	en-us	Option 1	Empower Yourself by Learning More About Potential Vitiligo Care Options	"**Dear [Patient First Name]**

Living with vitiligo can be challenging, but staying informed can help you take control of your health.
Consider learning about vitiligo clinical trials that are actively enrolling by joining WeConnect, an online registry offering access to health information, peer support, and updates on clinical trials that may be right for you.
If you struggle with vitiligo and are 18 years of age or older, you may be matched to an active clinical trial.
Participation is voluntary and confidential, and there is no obligation to enroll in a clinical trial. The registry simply helps connect you to trials that may be relevant to your condition.
Learn more: [Insert Link]
Your participation may help advance research and improve care for you and others living with vitiligo.
Thank you for considering WeConnect!"	Learn more [INSERT CTA BUTTON]	If you struggle with vitiligo and are 18 years of age or older, you may be matched to an active clinical trial.	What to expect if you qualify: N/A (Educational Content Only)		"Sincerely,
Walgreens Clinical Trials"		Takeda	test.com
English 1B	Email 3: Reminder email	Reminder: Stay informed about vitiligo care and resources	en-us	Option 1	Learn about clinical trials that may help vitiligo treatments	"**Dear [Patient First Name]**

This is a friendly reminder from Walgreens Clinical Trials: We care about your health and want to share information about WeConnect – a patient registry that may help match you with a clinical trial opportunity for people living with vitiligo. 

Take the first step today by joining WeConnect and see if there’s a clinical trial that is right for you."	Learn more [INSERT CTA BUTTON]				"Sincerely,
Walgreens Clinical Trials"		Takeda	test.com
